ID_SERVICIO,DESCRIPCION,TIPO,PRECIO UNITARIO,CANTIDAD,TOTAL SERVICIO
50,ruedo pantalon,1,250.000000,2,500.000000
53,cierre pantalon,1,600.000000,4,2400.000000
59,cambio cierre,1,700.000000,2,1400.000000
61,aplique capucha,1,260.000000,1,260.000000
62,ruedo pantalon,1,250.000000,2,500.000000
65,cambio cierre,1,700.000000,2,1400.000000
67,aplique capucha,1,260.000000,1,260.000000
69,cambio cierre,1,700.000000,1,700.000000
70,cierre pantalon,1,600.000000,2,1200.000000
